name,user,timestamp,text
Guardians of the Galaxy,admin,2020-10-20 14:10,amazing! five star
Guardians of the Galaxy,admin,2020-10-20 14:10,amazing! five star
Guardians of the Galaxy,admin,2020-10-20 14:10,amazing! five star
Guardians of the Galaxy,admin,2020-10-23 17:22,"asdsaf,"
Guardians of the Galaxy,admin,2020-10-24 17:10,"asdsaf,"
Guardians of the Galaxy,admin,2020-10-24 17:10,"asdsaf,"
Guardians of the Galaxy,admin,2020-10-24 17:10,"asdsaf,"
Guardians of the Galaxy,admin,2020-10-24 17:10,asads
Guardians of the Galaxy,admin,2020-10-24 18:10,f
Guardians of the Galaxy,admin,2020-10-24 18:10,f
Guardians of the Galaxy,admin,2020-10-24 18:10,f
Guardians of the Galaxy,admin,2020-10-24 19:10,f
Guardians of the Galaxy,admin,2020-10-24 19:10,f
Guardians of the Galaxy,admin,2020-10-24 19:10,f
Guardians of the Galaxy,admin,2020-10-24 19:10,f
Guardians of the Galaxy,admin,2020-10-24 19:10,f
Guardians of the Galaxy,admin,2020-10-24 19:10,f
Guardians of the Galaxy,admin,2020-10-24 19:10,f
Guardians of the Galaxy,admin,2020-10-24 19:10,f
Guardians of the Galaxy,admin,2020-10-24 19:10,f
Guardians of the Galaxy,admin,2020-10-24 19:10,f
Guardians of the Galaxy,admin,2020-10-24 19:10,f
Guardians of the Galaxy,admin,2020-10-24 19:10,f
Guardians of the Galaxy,admin,2020-10-24 19:10,f
Guardians of the Galaxy,admin,2020-10-24 19:10,f
Guardians of the Galaxy,admin,2020-10-24 19:10,f
Guardians of the Galaxy,admin,2020-10-24 19:10,f
Guardians of the Galaxy,admin,2020-10-24 19:10,f
Guardians of the Galaxy,admin,2020-10-24 19:10,f
Guardians of the Galaxy,admin,2020-10-24 19:10,f
Guardians of the Galaxy,admin,2020-10-24 19:10,f
Guardians of the Galaxy,admin,2020-10-24 19:10,f
Guardians of the Galaxy,admin,2020-10-24 19:10,f
Guardians of the Galaxy,admin,2020-10-24 19:10,f
Guardians of the Galaxy,admin,2020-10-24 19:10,f
Guardians of the Galaxy,admin,2020-10-24 20:10,f
Guardians of the Galaxy,admin,2020-10-24 20:10,f
Guardians of the Galaxy,admin,2020-10-24 20:10,f
Guardians of the Galaxy,admin,2020-10-24 20:10,f
Guardians of the Galaxy,admin,2020-10-24 20:10,f
Guardians of the Galaxy,admin,2020-10-24 20:10,f
Guardians of the Galaxy,admin,2020-10-24 20:10,f
Guardians of the Galaxy,admin,2020-10-24 20:10,f
Guardians of the Galaxy,admin,2020-10-24 20:10,f
Guardians of the Galaxy,admin,2020-10-24 20:10,f
Guardians of the Galaxy,admin,2020-10-24 20:10,asdasdas
Guardians of the Galaxy,tourist,2020-10-24 20:10,my comment
Guardians of the Galaxy,tourist,2020-10-24 20:10,my comment
Guardians of the Galaxy,tourist,2020-10-24 20:10,my comment
Guardians of the Galaxy,newt,2020-10-24 20:10,"Great entertainment movie. Close to the setting of Loser, several leading characters burst out silly charm all the time, the whole film is very happy, and has anti-hero characteristics. Since it's a new Marvel world, which means more novelties in the setting, I'm looking forward to meeting the Avengers."
Guardians of the Galaxy,newt,2020-10-24 20:10,asdas
Guardians of the Galaxy,newt,2020-10-24 20:10,"ment movie. Close to the setting of Loser, several leading characters burst out silly charm all the time, the "
